{
  "accuracy": 0.494,
  "precision": 0.6302895630593941,
  "recall": 0.49300067518065965,
  "f1": 0.44229197616316435,
  "confusion_matrix": [
    [
      331,
      2,
      2
    ],
    [
      228,
      86,
      12
    ],
    [
      210,
      52,
      77
    ]
  ],
  "per_class": {
    "entailment": {
      "precision": 0.4304291287386216,
      "recall": 0.9880597014925373,
      "f1-score": 0.5996376811594203,
      "support": 335.0
    },
    "neutral": {
      "precision": 0.6142857142857143,
      "recall": 0.26380368098159507,
      "f1-score": 0.36909871244635195,
      "support": 326.0
    },
    "contradiction": {
      "precision": 0.8461538461538461,
      "recall": 0.22713864306784662,
      "f1-score": 0.3581395348837209,
      "support": 339.0
    },
    "accuracy": 0.494,
    "macro avg": {
      "precision": 0.6302895630593941,
      "recall": 0.49300067518065965,
      "f1-score": 0.44229197616316435,
      "support": 1000.0
    },
    "weighted avg": {
      "precision": 0.631297054830735,
      "recall": 0.494,
      "f1-score": 0.4426141057714979,
      "support": 1000.0
    }
  },
  "valid_predictions": 1000,
  "total": 1000,
  "unknown_rate": 0.0,
  "error_analysis": {
    "error_distribution": {
      "entailment->neutral": 2,
      "entailment->contradiction": 2,
      "neutral->entailment": 228,
      "neutral->contradiction": 12,
      "contradiction->entailment": 210,
      "contradiction->neutral": 52,
      "unknown": 0
    },
    "top_errors": [
      [
        "neutral->entailment",
        228
      ],
      [
        "contradiction->entailment",
        210
      ],
      [
        "contradiction->neutral",
        52
      ],
      [
        "neutral->contradiction",
        12
      ],
      [
        "entailment->neutral",
        2
      ]
    ]
  },
  "model": "gemma-3-4b-persian",
  "task": "nli",
  "num_samples": 1000,
  "inference_time_seconds": 203.15022921562195
}