{
  "exact_match": 10.8,
  "f1": 35.215008952179666,
  "exact_match_std": 31.03804117530615,
  "f1_std": 35.072062626192306,
  "total": 1000,
  "model": "Qwen2.5-1.5B-Instruct",
  "task": "qa",
  "num_samples": 1000,
  "inference_time_seconds": 1001.6311721801758
}